latency,metadata_size,source_id
0.1772896083663382,39,3
0.2556110631172097,39,2
0.2963861600215959,39,1
0.26104637994952784,39,2
0.4024513154394188,39,3
0.1667827933692665,39,3
0.48308461237514455,39,1
0.18983389013253513,39,2
0.3788071086882574,39,2
0.18125929294643234,39,3
0.23684112080205805,39,1
0.47839141782861927,39,3
0.1306976880201085,39,1
0.2224864323357553,39,2
0.41111920558254833,39,3
0.3848977255574999,39,3
0.1459463743181286,39,1
0.4483412865923778,39,3
0.31683652470030976,39,2
0.4554267726731037,39,3
0.29001198569968534,39,1
0.353692654602613,39,1
0.4375920811475186,39,1
0.3721437097588176,39,2
0.2563862184665252,39,3
0.43580951963296377,39,3
0.2606631770306942,39,3
0.38228255079300544,39,2
0.33305078330002413,39,3
0.34138189904996985,39,2
0.3802706135380166,39,1
0.1699623972168431,39,1
2.4314154783955946,39,3
0.2616046294063449,39,1
0.33699818083783,39,2
0.18350814825556938,39,1
0.43220670612278667,39,3
0.4625790559259252,39,3
0.3104183388994065,39,1
0.3488650562270549,39,3
0.4790476377099544,39,2
0.4183609161155407,39,1
0.38959759696263696,39,3
0.277371318752082,39,3
0.4357874131338546,39,1
0.3376592264051381,39,3
0.19564797552889399,39,3
0.37392288576070987,39,1
0.20825093811143988,39,1
0.4495201290924403,39,3
0.38790995749161894,39,3
0.42980487749629726,39,3
0.1858574571864717,39,3
0.41244897847634965,39,1
4.797040234999322,39,1
0.4052841046908512,39,1
0.11787211111590233,39,3
0.16543370663365908,39,3
0.39538126530084206,39,1
0.4735158886900134,39,3
0.1253910217232618,39,2
0.25280971199813984,39,3
2.5710869510154737,39,2
0.1865098347093116,39,2
0.37166388014312846,39,2
0.38414026693524383,39,1
0.43806473060561657,39,2
0.4526520350915131,39,3
0.4305035186886673,39,2
0.29801342904191985,39,2
0.2535968929484811,39,2
0.1990894596029934,39,2
0.31137264527269404,39,2
0.4335512033228307,39,2
0.3769189332054784,39,2
0.18639056726686434,39,3
0.1356472088626498,39,2
0.23517363466749697,39,3
0.20861790243600745,39,2
0.3957565049266496,39,3
0.2530486992288554,39,3
0.4309271629025426,39,1
0.4012841467045195,39,2
0.4076797634879533,39,3
0.2161606109380494,39,2
0.10728854771052397,39,3
0.4194730726868924,39,3
0.32539110008693106,39,1
0.11193540944021736,39,3
0.12441958582982018,39,2
0.41319690162127687,39,3
0.39569310650733536,39,2
0.16505566354713377,39,1
0.12508233559559356,39,3
0.2648764315197205,39,3
0.12532574773452887,39,1
0.25434199044413003,39,1
0.4705684265574005,39,3
0.22878501016711283,39,2
0.154996214081674,39,2
0.293963969473539,39,3
0.31841878072418883,39,3
0.1757313837113928,39,3
0.3423432585788447,39,1
0.4215237293589865,39,2
0.493312318459613,39,3
0.34089761264804747,39,1
0.4530159923776824,39,1
0.22869350262929686,39,2
0.3991740530144162,39,3
0.21906334615920364,39,1
0.4610271687051801,39,1
2.1010908009030036,39,2
0.4726796329530677,39,1
0.4403649750786214,39,2
0.49616462958077134,39,1
0.22681247782645061,39,1
0.1800812092860194,39,2
0.11850481450956059,39,3
0.36864977419386136,39,2
0.22551485510603098,39,3
0.34329381177564416,39,2
0.2506042172666053,39,1
0.184406202686472,39,3
0.2405317474007796,39,3
0.22748426958577622,39,2
0.19743401087409118,39,1
0.43963432945156133,39,2
0.46280434282266036,39,3
0.29744046138064706,39,2
0.3611919253880792,39,1
0.37543354929242834,39,1
0.18689484719728844,39,1
0.26999251582944594,39,1
0.49435486674233686,39,2
3.1858865893711403,39,2
0.4449838152795659,39,3
0.24659675092269762,39,1
0.17764135497303948,39,1
0.17583939318755937,39,1
0.1869137994348875,39,1
0.22538842128656023,39,3
0.157079606970049,39,1
0.32898833935471417,39,1
0.35918972628272805,39,3
0.43844083802963985,39,2
0.20826399194786124,39,2
0.30363799698015415,39,2
0.10678979266755682,39,3
0.4287958159922767,39,2
0.4433414983648365,39,2
0.1300188794715258,39,2
0.15709734462924355,39,1
0.4311047305614658,39,1
0.32110480844459566,39,2
0.32444155411897757,39,1
0.2197806669703355,39,2
0.45552486867595676,39,3
0.45635797566945646,39,2
0.4293706676343846,39,3
0.14129300564881017,39,1
0.21432719079248033,39,1
0.35235600408998513,39,2
0.48792455427607273,39,1
0.23453815297672698,39,1
0.2324346705884949,39,1
0.48771315805804594,39,3
0.28035295651803893,39,1
0.3812788791541828,39,1
0.11708278684200685,39,2
0.16803215492446505,39,2
0.3702063956729552,39,2
0.4253994436831098,39,3
0.2512086308008691,39,1
0.23073433056967338,39,3
0.30921796304613053,39,2
0.24652341665942448,39,1
0.42664008859986435,39,2
0.38993418197394847,39,3
0.21603671974644742,39,1
0.25411868900309886,39,1
0.3162983727879574,39,2
0.13753566026720102,39,3
0.19798626574252048,39,3
0.31957610097922184,39,3
0.33352575063822365,39,3
0.2228778482707876,39,1
0.27041962077729054,39,1
0.15053100952144446,39,3
3.714637748108455,39,2
0.39863298576148054,39,1
0.36775596227768015,39,1
0.13718357789625488,39,1
0.3946206137208864,39,1
0.11338833263957736,39,1
0.357500444649952,39,2
0.31850336223143005,39,1
0.2234688256026662,39,3
0.4738119985261484,39,1
0.1684609707264657,39,2
0.33931007140935576,39,1
0.32440232004960873,39,3
0.1225733382455415,39,3
0.341610001468477,39,2
0.3418629724741738,39,1
0.2370145475990246,39,2
0.47418842462212507,39,1
0.361961015278765,39,3
0.2573415130193193,39,1
0.22030100945663977,39,2
0.10464549319277561,39,1
0.4594666301507201,39,2
0.2714128445372336,39,3
0.297832034411137,39,1
0.2805827646648017,39,3
0.17603345872168052,39,2
0.25102088297540087,39,1
0.23637059404848362,39,2
0.21087403750215117,39,1
0.494355983403992,39,2
0.15746300452980744,39,3
0.2734310794035799,39,3
0.2570432199667302,39,3
0.23133088340179728,39,1
0.3151212656134278,39,2
0.24272684245809917,39,3
0.23495994319342928,39,1
0.41838545104048264,39,2
0.49199581806859605,39,3
0.33749833873574897,39,1
0.32583745791104035,39,2
0.20422664569984122,39,1
0.3509748185698801,39,3
0.44104011527887343,39,3
0.2921998833678884,39,1
0.4649812403402307,39,3
0.48785294292453407,39,2
0.3813829389756954,39,3
0.3089207466895527,39,2
0.1632718335789824,39,2
0.33105021724136285,39,2
0.15807297710911988,39,1
0.1437436437245918,39,3
0.32459859951032566,39,2
0.4056105759331926,39,2
0.451920937245907,39,1
0.346525825688922,39,1
0.4484801290150706,39,2
0.25221513920406124,39,1
0.4912060653526683,39,1
0.29299443407060455,39,2
0.18103480264259894,39,3
0.4476424081362379,39,3
0.399405383085786,39,3
0.3482320395776888,39,1
0.47901664405785305,39,2
0.13136970724797195,39,2
0.38266194738767045,39,1
3.5899693922806124,39,2
0.17047671222670294,39,3
0.2080971541217237,39,2
0.419995248613235,39,1
0.14730725792266927,39,1
0.3911347626612679,39,3
0.3389304345441644,39,3
0.15609029515180134,39,2
0.2427486850183251,39,2
0.37489394596397985,39,2
0.47812355273660345,39,2
0.34883390814116955,39,3
0.23244536892664924,39,2
0.4099261554978709,39,3
0.40195283452932073,39,1
0.1925055437122087,39,2
0.3060989456308041,39,1
0.20279669980793125,39,2
0.40018786515726146,39,3
0.4088804101700342,39,1
0.26504154228497945,39,2
0.2140093567476523,39,3
0.3405952221479053,39,3
0.34278448392556915,39,2
0.47873023939947656,39,3
0.33240973843944843,39,2
0.25027275519883674,39,2
0.447210308601642,39,1
0.18899558072556621,39,2
0.12364819383433914,39,1
0.14318892051922447,39,2
0.4006411341954842,39,2
0.18598925878753578,39,2
0.2981405928711244,39,1
0.49189797224553033,39,2
0.3985289532181354,39,2
0.129889323937682,39,1
0.19423890027107915,39,1
0.1254406390096078,39,1
0.44688680664504155,39,1
0.37540917004745733,39,3
0.10275694641581748,39,3
0.2254986203642222,39,1
0.4246651405255397,39,1
0.21994709401877738,39,3
0.3849940192189043,39,3
0.20830029349060564,39,2
0.4827248902247875,39,1
0.12073426899379221,39,3
0.23604988685810732,39,2
0.4760963445904499,39,3
0.19888479587966126,39,1
0.24614352291803804,39,2
0.32010441667686695,39,3
0.34722771918905904,39,3
0.22289950942062792,39,3
0.4549414382417154,39,3
0.1939473371042676,39,1
0.47796152009076864,39,3
0.1207244230788839,39,1
0.4060930020435468,39,3
0.1517879904682304,39,3
0.33118794378730476,39,1
2.2033575347558796,39,1
0.21967219536499927,39,3
0.2527252528853794,39,1
0.15853312091159238,39,1
0.3543475864361243,39,3
0.23270648563120255,39,1
0.12574019250131083,39,2
0.46339047125532284,39,3
0.41338535967203394,39,2
0.42452679545639616,39,1
0.24311500157117633,39,1
0.4442356416468888,39,3
0.42263458656612574,39,3
0.4205034950502534,39,1
0.28611907370427014,39,3
0.19605819342914793,39,3
0.43504965762513914,39,3
0.15191314756381083,39,2
0.3349649177794204,39,1
0.27745991633849065,39,3
2.4224881054868264,39,3
0.3238177926146564,39,3
0.49012946594080986,39,2
0.18522220396981368,39,2
0.22590406206883992,39,3
0.13096303826679534,39,2
0.3169216673999591,39,2
0.33298981884306916,39,2
0.2926556472954781,39,3
0.33297017794072065,39,1
0.27444189223504495,39,2
0.2724761626355632,39,1
4.3915369145133045,39,3
0.30161542503217853,39,2
0.46209026140648635,39,3
0.24788769885809364,39,3
0.14459151088940053,39,2
0.41684618580600663,39,1
0.4591582303552799,39,1
0.38313946788957187,39,3
0.15126667863163454,39,3
0.14940199277649754,39,2
0.27251124361988444,39,3
0.16968193884592025,39,1
0.31452012837536014,39,2
0.21168363847644467,39,3
0.17102979782302863,39,2
0.21849414755664678,39,2
0.28438880935889754,39,1
0.41763974139661475,39,2
0.4209197741051782,39,1
0.41270805279220013,39,3
0.27631764472765663,39,3
0.41830837626136186,39,2
0.47742155605283276,39,2
0.2688916533877902,39,3
0.24229265482058993,39,3
0.33547647637598355,39,2
4.683479282619677,39,3
0.32770361478191,39,1
0.45111525885956305,39,1
0.28303315955022756,39,1
0.3001648964555168,39,1
0.2842687906107316,39,3
0.4505660444405343,39,2
0.38944774351058753,39,3
0.46961272866119963,39,2
0.14935766678395956,39,3
0.10883094881200815,39,2
0.25499727980808706,39,2
0.3374715489501898,39,3
0.33112851062296694,39,1
3.5438746916284343,39,3
0.2893618968681665,39,2
0.3957763805703576,39,2
0.49082349705911443,39,1
0.26898168815828205,39,1
0.2895115966505517,39,2
0.10895641894945199,39,3
4.7167701688756205,39,1
0.17862974313750685,39,3
0.36942617604226613,39,3
0.11977124969331526,39,1
0.3154225966567087,39,1
0.3419222384162966,39,3
0.45822919679488205,39,1
0.28819936984488814,39,2
3.2919057134201255,39,3
0.18590837394027215,39,3
0.27296625629452975,39,2
0.33126675770796876,39,3
0.3123517237721039,39,2
0.27854222009851065,39,2
0.24509144833063182,39,2
0.25853479437610455,39,3
0.16352885950783694,39,1
0.49051179911029796,39,3
0.22509586623335284,39,2
0.2746886153356387,39,1
0.11445678189902138,39,3
0.2609011641865747,39,2
0.11147462387689173,39,3
0.1344955809810101,39,2
0.4395062012590497,39,1
0.1311200780100696,39,3
0.2316075332153043,39,3
0.1922789024306375,39,1
0.12107239846310579,39,2
0.3923783154927952,39,2
0.32959979649614635,39,1
0.3647641934778052,39,1
0.4612373381750192,39,3
0.30887380511784024,39,3
0.42559198326101766,39,1
0.49978639341398046,39,3
0.19843991879226724,39,2
0.15821320207066242,39,1
0.12113938345428546,39,1
0.3300665459012494,39,2
0.1740652330792558,39,2
0.287745988999636,39,1
0.48969675019205827,39,1
0.11125687594107898,39,1
0.17761444435598084,39,3
0.4426266349011797,39,2
0.4129371954142236,39,1
0.48886650025863565,39,1
0.2382293047848724,39,1
0.31128824723259885,39,2
0.43138750024178063,39,1
0.3996184527313956,39,1
0.3203921588137103,39,2
0.37435822224569004,39,3
0.30493734327977556,39,3
0.12733099630430586,39,3
0.4250269308749105,39,1
4.41549119624801,39,1
0.4742423642458783,39,1
0.38562199335754876,39,1
0.26944879600133675,39,1
0.3634126549515321,39,2
0.38762639208182714,39,3
0.34412692188520744,39,2
0.2116688138110559,39,2
0.28295236142073343,39,1
0.3442929399208937,39,1
0.47616106905416833,39,3
0.10415084542581324,39,3
0.20927084362432438,39,2
0.15954866153170322,39,2
0.33725298349853167,39,2
0.38738736996810763,39,2
0.45154213928957965,39,3
0.40260884204267533,39,3
0.2421787542575622,39,1
3.356330183470543,39,3
0.13409954445034075,39,2
0.3728676930740543,39,1
0.4811570345552124,39,2
0.3340431277028595,39,1
0.3695903983220924,39,2
0.35691735065259234,39,2
0.383704925184553,39,2
3.710362732605361,39,1
0.1543525151772041,39,1
0.33379644259341906,39,2
0.2967365680729398,39,1
0.44147934841355874,39,3
0.10357349065634472,39,2
0.41299284871776953,39,3
0.24249816887699552,39,3
0.4875430713896779,39,1
0.3934453958043672,39,3
0.21266464635884744,39,1
0.31522296153035506,39,3
0.3814827379045551,39,3
0.2734540657760671,39,3
0.3094609569865049,39,1
0.17851563222293265,39,2
0.2529930132057257,39,2
0.2174554043341353,39,2
0.1717675171774075,39,1
0.1485822802992033,39,2
0.24664180608989605,39,1
0.18211447172892328,39,3
0.17209803258555073,39,1
0.35955627130324097,39,1
0.1504591003819159,39,3
0.341397578581625,39,1
0.17482903363451274,39,2
0.42109547748990517,39,1
0.1665642675932954,39,3
0.43598724955019896,39,3
0.14803784761431574,39,2
0.40087364373146783,39,3
0.1476590924555986,39,1
0.32436248695054226,39,2
0.4546972382075657,39,1
0.3643186181666763,39,3
0.44111347159165504,39,3
0.1762274387831139,39,1
0.47337404023470653,39,1
0.43939020325369516,39,3
0.41520490577567726,39,1
0.457615412469473,39,2
3.4442417215348007,39,1
0.4888024341919749,39,1
0.46429821186433196,39,3
0.4243298843776727,39,2
0.19122550470332123,39,2
0.3376189506548886,39,1
0.2503696387152821,39,3
0.27074006172315424,39,3
0.16730118388323567,39,2
0.47686689633907076,39,2
0.39044312273463044,39,2
0.46379766926131594,39,3
0.42498010154717114,39,3
0.27331941299945406,39,1
0.3155395614120691,39,3
0.33526312986214435,39,3
0.2802206504342424,39,3
0.2295755266524839,39,1
0.24663638870470958,39,3
0.10564099521274901,39,2
0.31325615170247995,39,2
0.1868329407600176,39,3
0.3150173758743041,39,1
2.7255540807034753,39,2
0.24740768929925905,39,1
0.20980763612960276,39,3
0.17648269077054166,39,2
0.4027129899703895,39,2
2.2614009271239026,39,2
0.48458220922977413,39,3
0.4085792058045753,39,3
0.45040408182525504,39,2
0.24635268735620044,39,1
3.031834063796737,39,3
0.4847405381047337,39,3
0.19803476064625355,39,3
0.2565402399138053,39,1
0.13485254437265537,39,1
0.3746789115691225,39,3
0.3334630675677995,39,3
0.43727800443010445,39,2
0.16016166000262363,39,1
0.4517989023007215,39,1
0.3164889939047331,39,3
0.16758202528309607,39,2
0.15291411258143342,39,1
0.1369097125906018,39,1
4.0954019486743825,39,3
0.2674783378210447,39,1
0.3445720181530865,39,1
0.3394198670913771,39,1
0.3697026812601456,39,3
0.2016201766119842,39,1
0.49427693184284316,39,2
0.22143478557513419,39,3
0.4522645671146007,39,2
0.40247753718151846,39,1
0.3929088843164976,39,2
0.17263462895771764,39,3
0.26767905849972917,39,2
0.2800588544846261,39,2
0.39558523348539676,39,3
0.2605645367964138,39,2
0.27532871698965744,39,3
0.31630004518926713,39,2
0.30762315810702356,39,2
0.2526280847545073,39,2
0.22859509223606783,39,1
2.5069087275618087,39,3
0.32791500937242135,39,3
0.3875278678835614,39,1
0.34134788610799394,39,3
0.13687084043983178,39,3
0.4789258749755336,39,1
0.31731751514300977,39,2
0.3862692962233971,39,2
0.48271691527977245,39,3
0.32884021555976434,39,2
0.33555440528172675,39,2
0.294775550845128,39,2
0.33474924601769707,39,2
0.3457387582727949,39,2
0.4591870873739444,39,3
0.4477039590186721,39,2
0.4465310118310767,39,3
0.3786528020329357,39,1
0.28248280156643873,39,1
0.2680115800784718,39,3
0.24174554094559403,39,3
0.38014936610740613,39,1
0.10254897854569167,39,3
0.45840459141503964,39,1
0.17743495534631726,39,3
0.22012834122158537,39,3
0.4943077855001473,39,2
0.20734461200256082,39,2
0.2056737007473046,39,2
0.2998756152569919,39,1
0.4604491025991916,39,3
0.4956436223801576,39,1
0.3630381870878454,39,3
0.29503108747536844,39,2
3.7519764715596455,39,2
0.3332260297341887,39,3
0.32975482391916855,39,3
0.20330279733034617,39,1
0.4742301453827993,39,3
0.3430945840455659,39,1
0.471670805542425,39,3
0.36959517399330877,39,3
0.450782899415879,39,1
0.13780808469468564,39,3
0.26968718833324357,39,2
0.3829694328826484,39,3
0.18108991693010787,39,1
0.18954102791920535,39,1
0.33469973823521826,39,2
0.29692171149962193,39,2
0.2201995675439679,39,2
0.3977327948374426,39,1
0.23966789632336374,39,3
0.21765565560333258,39,1
0.19012357051711484,39,2
0.15113704346948187,39,1
0.4036067907498112,39,3
0.27503861915243677,39,2
0.3983091620565157,39,1
0.2963325327446894,39,3
0.4145463209851775,39,3
0.3037768355635788,39,3
0.37885769894981147,39,1
0.4228461056896917,39,2
0.3449713328888806,39,1
0.1972555589540902,39,3
0.32366522566520606,39,1
0.23084907383281994,39,1
0.1271026106682529,39,1
0.2395342856925083,39,1
0.28505961520186385,39,2
0.22200606094563324,39,2
0.3361764507851154,39,2
0.24320160193330356,39,2
0.4436218183825563,39,2
3.21293356966229,39,3
0.3421995564172098,39,1
0.22665877338318122,39,3
0.4999929614670183,39,2
0.35932331933382267,39,3
0.4471833670038651,39,1
0.1694096437898957,39,3
0.2023065364485102,39,2
0.31618871927445724,39,2
0.2946738568044721,39,1
0.3103088176567988,39,1
0.4534219879773116,39,2
0.38852601196108105,39,3
0.402740625771269,39,3
0.49139333703223687,39,3
0.2464916038561424,39,2
0.46709176122679863,39,2
0.35047251064465335,39,3
0.15792642902184686,39,3
4.915209540243174,39,2
0.3317044521440684,39,1
0.266220845563961,39,2
0.13863005492638056,39,3
0.2716235938681798,39,1
0.22787478832795532,39,3
0.2908454095585784,39,2
0.49810573478109277,39,2
0.48196434313077996,39,1
0.12992038428640493,39,1
0.23202610862297585,39,3
0.18221072379178224,39,3
0.12490638491322509,39,3
0.32787151479004933,39,2
0.47887704459603675,39,2
0.2688494445223862,39,3
0.12415441895057083,39,1
0.37107905621048,39,3
0.41346109734338043,39,2
0.13025293310367775,39,1
0.254733076305066,39,1
0.18553364877330206,39,1
0.26856575412495853,39,1
0.48399970235947887,39,1
0.4772155153854768,39,1
0.30165934473831874,39,2
0.4569380811915924,39,1
0.18828764798595904,39,2
0.48623004543206694,39,1
0.4410432332659767,39,3
0.32598364168759325,39,1
0.3215758209671179,39,3
0.27638810861495516,39,3
0.42806510025193856,39,3
0.30975855530097185,39,3
0.3391839932515074,39,3
0.37130561566076936,39,3
0.41822069560006914,39,2
2.9369937708954095,39,2
0.401769668430064,39,1
0.11684816734383574,39,1
0.3589763301790252,39,3
0.34004459642484997,39,3
0.4656959120178442,39,3
0.22979538222359805,39,3
3.5247149519765806,39,2
0.2673882127985619,39,3
0.1693403285026448,39,2
0.1531151720128382,39,3
0.2859335158516233,39,3
0.14824056160986393,39,2
0.47265750766850545,39,1
0.11462125299632203,39,2
0.3924908965949706,39,3
0.23881647455492014,39,3
0.4956947939484291,39,3
0.4443111793775948,39,3
0.18018314954100148,39,1
0.3315909639862878,39,2
3.346276593894145,39,1
0.44390038676981314,39,2
0.38561935564845695,39,1
0.49992517947354564,39,2
0.4562249727524206,39,3
0.19636304910463337,39,1
0.17267720442110973,39,1
0.48849019320172704,39,3
0.4320266684247589,39,2
0.3352105285958781,39,2
0.267017893566321,39,2
0.2309328128146457,39,3
0.1684816926637315,39,3
0.33621950942652457,39,1
0.2195694825388325,39,3
0.49087202299655763,39,2
0.2639414878965415,39,3
0.4249482281319138,39,1
0.419653958820145,39,1
0.35796206950137,39,2
0.2887301008466441,39,1
0.38073749540436586,39,2
0.20384770912374575,39,3
0.4686179076044592,39,1
0.23175620780178494,39,1
0.1825761711698035,39,2
0.11718501627001712,39,3
0.25508307564978244,39,2
0.49728489464997605,39,3
0.4695389370729417,39,2
0.25125918607323927,39,2
0.4204156874521102,39,1
0.4825529204958253,39,2
0.15367284565056605,39,3
0.35470553044448117,39,1
3.3182534190105777,39,3
0.3233652469774899,39,1
2.5050633773252997,39,1
4.155193971553435,39,2
0.4707859489576466,39,1
2.2435398206846164,39,2
0.4781240085836207,39,2
0.4331599030884471,39,3
0.21863748205190908,39,2
0.18616083896651137,39,2
0.19012827691737633,39,1
0.16904376014658884,39,2
0.2221805049863137,39,1
0.39252841737551336,39,2
0.2625206693085314,39,3
0.13923330498252795,39,1
0.28044644792004064,39,3
0.29912096582036135,39,1
0.383433912268188,39,3
0.49809627053438277,39,2
0.10981107294192644,39,3
0.19953325791713825,39,3
0.3130188328216444,39,2
0.40090253790388974,39,1
0.3606427066553006,39,3
0.1957220181519319,39,2
3.1326328304825064,39,2
0.2082641869588013,39,2
0.2768443816199447,39,1
0.40201585124139483,39,1
0.31539772079270856,39,3
3.4126528681524837,39,1
0.4656883083977831,39,2
0.3709967098789233,39,1
0.4429667343743895,39,1
0.3991880458344488,39,2
0.3677238852467686,39,1
0.1555114081016621,39,2
0.21883770010682776,39,2
0.45316587379073814,39,3
0.12045681559121549,39,2
0.16727912046751603,39,3
0.27789723069799876,39,3
0.37884124554662235,39,3
0.43276581026889827,39,3
0.17623510156510114,39,3
0.327446631617659,39,3
0.2565081765663153,39,2
0.21545245516400358,39,3
0.3938041997573114,39,2
0.43171783398367836,39,1
0.24096800550341535,39,1
0.45981750641738595,39,1
0.49544596547235054,39,1
0.14449869720239567,39,2
0.2880676066776931,39,3
0.2638181981766142,39,3
0.32696757078327066,39,3
0.3826648616153734,39,1
0.13811907473126386,39,2
0.20901296353605298,39,1
0.17520159179477313,39,1
4.93755598253008,39,2
0.3193599771958189,39,2
0.2677889966358896,39,1
0.47204786102657903,39,3
0.12581403265372826,39,2
0.35106807692892383,39,1
0.23455480714560226,39,2
0.18464432555193713,39,3
0.23748946609221833,39,2
0.22498096932316317,39,1
0.4410673650142517,39,3
2.2017388578052537,39,2
0.23685238363417596,39,1
0.4800735742173259,39,3
0.2743374051120506,39,1
0.3531902270516989,39,2
0.1543120892478377,39,3
0.284598146073904,39,2
0.3953514392863603,39,1
0.33616206964659956,39,3
0.2526232500037928,39,1
0.12482710600484746,39,2
0.22357530639113932,39,1
0.3448837248182953,39,2
0.11956534110658903,39,3
4.933251466176289,39,3
0.2628108396885357,39,3
0.10980738229701942,39,1
0.171518603054316,39,2
0.4345093274341417,39,1
0.14966932832420482,39,1
0.40910376973690343,39,1
0.36134188103298714,39,2
0.30109082775577667,39,2
0.15599453427906812,39,3
0.39858810976830883,39,2
0.1321820005858716,39,2
0.4900798919612278,39,3
0.18671858662167862,39,2
0.44388164301339117,39,2
0.22493524773274967,39,3
4.33238315032336,39,3
0.4794518938418364,39,3
0.41365386021142914,39,1
0.4226078222283739,39,1
0.24373293657069556,39,1
0.22264848169665716,39,2
0.1015300558516466,39,1
0.19136397451265938,39,2
0.14794055642086,39,3
0.47484552625611354,39,2
0.2644526671789784,39,1
2.937355752625738,39,2
0.41766397668824184,39,2
0.371169985748773,39,1
0.17761683342591375,39,1
2.366894201646048,39,2
0.30744157217946655,39,1
0.11153408969697627,39,3
0.20643699830585935,39,1
0.22070076505880976,39,1
0.24704293213018969,39,1
0.4608964497784477,39,1
0.2359602630257309,39,1
0.49007910806508503,39,2
0.4199977257925034,39,1
0.28227674547041737,39,1
0.34401701666994905,39,3
0.40925099010692656,39,2
0.4340873775654278,39,2
0.2887263970116474,39,2
0.3131381905849382,39,1
0.4475030633849557,39,1
0.2926861824087532,39,3
0.20004373796956754,39,2
0.11625920107587802,39,2
3.5145672993189896,39,2
3.37472900724195,39,2
0.3725091533402096,39,1
3.2641368353357674,39,2
0.1118170350141356,39,1
0.17698509720996705,39,3
0.21668361691179247,39,3
0.15235794108265208,39,2
0.3054756210146501,39,1
0.3771871502668215,39,3
0.4889971801795857,39,2
0.3317204406104951,39,3
0.1406248330360599,39,3
0.4404291612254668,39,1
0.308369006874018,39,3
0.2287950444605555,39,1
0.29513083104405774,39,2
0.47171235917658116,39,2
0.29413735375427646,39,2
0.15186589545953974,39,1
0.33139486245298105,39,2
0.20336150207349776,39,1
0.3582894037434857,39,3
0.15186923307885067,39,1
0.38674583792063866,39,2
0.43545472472766444,39,1
0.39684342547364426,39,3
0.4116434252731702,39,1
0.41557863007177553,39,3
0.1553982179806339,39,3
0.33188782124896965,39,3
0.4507809878326955,39,2
0.34987620672572195,39,3
0.2885001517004432,39,1
0.3179122920517027,39,3
0.25537555150795943,39,3
0.1528773476868044,39,3
0.28033352576681625,39,2
0.2112451085183774,39,3
0.3360096280926621,39,3
0.3613741568486776,39,2
0.2671987500799897,39,1
0.13362152923829998,39,1
0.1662741629691078,39,1
0.4245487627947989,39,2
0.33218160711044,39,3
0.32216583230353546,39,3
0.22101726231508967,39,3
2.209508189828524,39,1
0.4333426772638762,39,2
0.16514155832780456,39,3
2.541830496236728,39,2
0.4507981176351509,39,2
0.2356808384438181,39,3
0.13531650242977103,39,3
0.4819556274857878,39,2
0.15734773327473395,39,2
0.41171979085536914,39,2
0.405987274467805,39,3
0.4521966707403665,39,3
0.16029455320575178,39,1
0.23390855285957907,39,2
0.3391816950463932,39,3
0.33444014183918763,39,2
0.23470566928077463,39,1
0.3199633896842812,39,2
0.28107659493778503,39,1
0.14613720748128933,39,2
0.24750615298757414,39,1
0.49757321672673405,39,2
0.347298267206786,39,2
0.2962132326375453,39,2
0.3753390615940433,39,1
0.14616696936460605,39,2
0.3746910503970561,39,1
0.20735256092068852,39,1
0.4329956021768221,39,1
0.3267920181145513,39,1
0.430811962743612,39,3
0.2925351830607744,39,3
3.5606116227726465,39,2
0.16748533334392246,39,3
0.31604143448780464,39,3
0.3658534791102671,39,1
0.1518123390486712,39,3
0.2211845012005386,39,3
0.24873073416681524,39,2
0.12648769271988392,39,3
0.13922702646258675,39,1
0.4186282883781617,39,1
0.4083917270920452,39,1
0.4918120627914391,39,3
0.40451713560940383,39,1
0.33621104124130796,39,2
0.3046923829859959,39,3
0.4729284084397215,39,3
0.32151331960208984,39,1
0.11604415245740514,39,2
0.2806055314431089,39,1
0.17379390104172537,39,3
0.17583478974563038,39,3
0.24380080572600682,39,1
0.4649979215158463,39,3
0.2631618017152238,39,3
0.10063918623403292,39,2
0.33580072975326936,39,1
0.2936430358194365,39,3
0.4610705647113039,39,2
0.42037171183084,39,3
0.4722496679949003,39,3
0.16283247463810907,39,1
0.3571047432031763,39,1
2.614558088195686,39,2
0.4233929603683527,39,3
0.3145582279277286,39,3
0.2829711485507814,39,1
0.3083615501848599,39,3
4.882890994186962,39,2
0.48493625878182545,39,2
0.10424184101432808,39,2
0.4604521857018309,39,1
0.3570246465609265,39,3
0.41281807261718306,39,3
0.2834460237369721,39,3
0.36506440953629793,39,3
0.15327857972159575,39,1
0.1362690275896017,39,1
0.10983715074379319,39,1
0.28562355432253567,39,2
0.11916510770747357,39,2
0.11668700279127578,39,3
0.34421802878341856,39,3
0.36503517414966946,39,1
0.13428311725968906,39,2
0.4888980000521571,39,1
0.266996124460784,39,2
0.28364409385786593,39,3
0.4988113363086166,39,2
0.47558362874926363,39,3
0.2229128392745878,39,1
0.29234492132419587,39,1
0.23340146539263906,39,2
0.41368464236628444,39,1
0.2659126716399942,39,1
0.34943522321715625,39,2
0.3806431424872363,39,3
0.1427739304301292,39,1
0.27713458407839164,39,3
0.2446114327516894,39,1
0.4446211581127725,39,2
3.9067424148278054,39,3
0.2609444507417007,39,3
0.4396399805939578,39,1
0.48731374281170425,39,2
0.18413430397380637,39,3
0.3094610777737723,39,1
0.33705781212881625,39,1
0.2759982199445031,39,2
0.1080895661302202,39,1
0.46242976450582707,39,1
0.3562023350981326,39,1
0.13503128993748037,39,3
0.2894616341533893,39,3
0.14600852694986322,39,3
0.48092849527513726,39,1
0.3534624819113178,39,2
0.1668974898862986,39,3
0.29224008495627807,39,3
0.49080395404817423,39,3
0.3084149219320834,39,3
0.10399547204163279,39,3
0.1871027635692639,39,1
0.27807187162818453,39,1
0.4819212678430814,39,3
0.19191228903517393,39,1
0.4370977306185181,39,2
0.15625705391013633,39,2
0.49519159261526735,39,3
0.2726152465298007,39,2
0.12344194686654611,39,2
0.25692030021402656,39,3
0.49367340517419567,39,3
0.4425240249784218,39,2
0.41925661181436413,39,3
0.48321351590997785,39,1
0.35799256913663813,39,2
0.48758312149451244,39,3
0.18138218015894092,39,2
0.4304913386922089,39,1
0.34768213645063706,39,1
0.4291911192430975,39,3
4.528338411486445,39,2
0.39884606483692375,39,3
0.49742542503684506,39,3
0.11236416726347889,39,1
0.38433290126137876,39,2
0.2950854434037485,39,1
0.13169069782618711,39,3
0.25069028585354824,39,1
0.3412601775491362,39,1
0.13777539453066692,39,3
0.3737662604479993,39,3
0.14997600265006072,39,2
0.293712251511107,39,2
0.10845619426509688,39,3
4.606800426614254,39,1
0.11304435407074785,39,1
0.3179247360228922,39,2
0.3120269660257009,39,3
0.2173022314250949,39,3
3.9428643405709223,39,2
0.4196354883394129,39,1
0.4119973110548204,39,3
0.30514659420537293,39,1
0.45452135208905087,39,3
0.22453208664895002,39,1
0.4954651349088569,39,3
0.45939683515406404,39,2
0.10396263605326679,39,2
0.268043965573572,39,1
0.13827189605717463,39,1
0.32380668811669144,39,2
0.192770667662708,39,1
0.39193328535237926,39,3
0.3793613047754508,39,1
0.47967412782338126,39,1
0.13458680836467496,39,1
0.42091181721689275,39,1
0.45465718541495415,39,3
0.4562725451884647,39,3
0.18706943505989249,39,2
0.32906376043374375,39,2
0.11280889355787585,39,1
0.19978616830743956,39,1
0.10939629132350688,39,1
0.4203134464352746,39,1
0.11830571062289322,39,3
0.28066084784729417,39,3
3.593459218267844,39,1
0.36421481256231214,39,1
0.14636024635863532,39,2
0.2526294610405553,39,2
0.44552708526469764,39,1
0.2870697405928007,39,3
0.25750860426496525,39,3
0.3849032956562983,39,1
0.19402043598871987,39,1
0.29512428700471494,39,1
0.2491083740428012,39,3
0.4998208436770123,39,3
0.11126876200253194,39,1
0.2184932875499438,39,2
0.10763998827262844,39,3
0.3137309194666803,39,3
0.20101815766363332,39,1
0.22819051699487314,39,2
0.18387835923362328,39,3
0.4597926590397522,39,3
0.42781035907064924,39,3
0.10747835766479899,39,3
0.3558822504597613,39,1
0.4789070782600888,39,1
0.25647531946566826,39,3
2.05463524369548,39,3
0.32055530663056003,39,2
0.420609916442087,39,2
0.23842659952401923,39,3
0.14789205929223193,39,2
0.4443919986429078,39,2
0.1724520580785145,39,3
0.13687599374792395,39,1
4.352781049200477,39,3
0.3076424339951821,39,2
4.178109878904011,39,2
0.22849355052923764,39,1
0.24936775308958914,39,1
0.31964453898735373,39,1
0.19923877218684877,39,3
0.4334466950511381,39,1
0.4591942294914968,39,2
0.3445855357690946,39,1
0.4762922712278572,39,1
0.19690308633713147,39,1
0.27198002727003145,39,3
0.28105935150588746,39,1
0.18735249964085066,39,3
0.4915230776704552,39,3
2.114688071248004,39,3
0.42598049233158075,39,2
0.1882541674498841,39,1
0.10931982640487817,39,1
0.4092561539134548,39,3
0.3324079118630193,39,3
0.26282382095792833,39,1
0.346335516673969,39,2
0.22657721362641398,39,1
2.3598047310587074,39,1
0.14295863770903638,39,1
0.2432477111469541,39,3
0.4075019873346136,39,1
0.390541405003636,39,3
0.25293005379451233,39,2
0.3672084013633198,39,2
0.35494578635712914,39,3
0.3783692998061394,39,1
0.35009893897077204,39,3
0.18284115840468088,39,1
3.9671036629954934,39,1
0.3716180721449732,39,3
0.20709233213423237,39,3
0.38252015739668066,39,3
0.455952821959939,39,2
0.32303803813637433,39,3
0.381431012110408,39,3
3.484553527608222,39,3
0.37632062827147583,39,2
0.4741146134523845,39,1
0.35492633828564446,39,1
0.10060810622228718,39,2
0.4116020083805334,39,1
0.4233624429267413,39,1
0.40017924937110183,39,3
0.22528679815276742,39,3
0.14003355525831954,39,2
0.11920722035523107,39,2
0.4108097951096171,39,1
0.25478542463141796,39,3
2.8501627460108763,39,2
0.23446341662123374,39,2
0.4258878550301385,39,1
0.39905752234782577,39,2
0.11142305628725357,39,3
0.16572606341340135,39,3
0.30283080077463287,39,1
0.3183177033973404,39,3
0.4690142678505075,39,2
0.15492940374967554,39,3
0.3747538202626429,39,2
0.2185458314622856,39,1
0.14458350602105507,39,3
0.3376785412258002,39,1
0.26187628229741633,39,2
0.13713438280243317,39,2
0.24110176635957226,39,3
0.1708009518365398,39,3
0.29143046407125694,39,2
0.37351650732265707,39,3
0.3197495865927048,39,1
0.31924267801395956,39,1
0.15056264368670297,39,2
0.3843064846573859,39,2
0.1746126796004857,39,3
0.2924652658849667,39,2
0.18504909841195294,39,3
0.4586257146556475,39,3
0.44841642755995437,39,3
0.4276710376968864,39,3
0.12842398670885602,39,3
0.135714052948343,39,2
0.18586300784941898,39,1
0.28117042389384905,39,1
0.3971126986708332,39,1
0.3409183303846067,39,1
0.3608255028938421,39,1
0.2796127284363574,39,3
0.13272692428332325,39,2
4.049680270217495,39,1
4.6170169176534674,39,3
0.2601851495157911,39,2
0.4058572148796904,39,3
0.2942842648521017,39,2
0.30013032487902724,39,1
0.25736243215316273,39,1
0.25417999584540657,39,1
0.17624381503744493,39,3
0.22874999752336755,39,2
0.2147857421463058,39,1
0.17230272197328933,39,1
0.27522727444930345,39,1
0.30749359095376516,39,2
0.3574618161568678,39,2
0.24023221662385041,39,1
0.47846531874938714,39,3
2.388362401309131,39,2
0.47923535101043513,39,3
0.45992935978865745,39,3
0.23146899105379834,39,1
0.26453794303846123,39,3
0.3352429001627295,39,1
0.372217926565122,39,3
0.31260531538720293,39,3
0.41257788897759184,39,2
0.4358968492243376,39,2
0.322796770399944,39,3
0.416279923245771,39,2
0.4364261052744297,39,1
0.48291622025296665,39,1
0.23506946860634456,39,3
0.34661878271676816,39,2
0.426517003171779,39,3
0.25677286718187753,39,3
0.48399027596523503,39,1
0.34980390937279604,39,2
0.34474929503063745,39,2
0.11619193625833409,39,2
3.994330709391221,39,1
0.4702527032951338,39,3
3.2751817028407673,39,1
4.60104680511191,39,2
0.12714986031623485,39,3
0.3224016765274121,39,2
0.29628879202404446,39,3
0.3113433996266402,39,3
0.46537567923794465,39,3
0.2948798006600588,39,1
0.38840526177738,39,3
0.13498506902391388,39,2
0.14709047574989334,39,3
0.4768371798760348,39,3
0.1139028965117233,39,1
0.4260748466865858,39,1
0.36031868862863103,39,2
0.29580874082737085,39,3
0.3945008414476484,39,1
0.35511197484948054,39,3
0.339532001920808,39,1
0.4069440035685856,39,2
0.1370798241107646,39,1
0.28377023176010463,39,2
0.3615151289915597,39,3
0.307806802098777,39,2
0.38606778435235567,39,2
0.46674446902437605,39,2
0.45131348662243365,39,1
0.47622071431076696,39,2
0.42469897404294377,39,3
0.4292812863958859,39,1
0.3803142590442168,39,3
0.4826449931241472,39,2
0.44474195989114507,39,3
0.3020566943849602,39,2
0.24589824328438434,39,1
0.3284760052012113,39,3
0.19622341112031486,39,1
0.1769223282477583,39,2
0.13640858311108098,39,1
0.34284805852788236,39,3
0.24234836030742013,39,2
0.47011489976657794,39,3
0.44166165952306624,39,2
0.20264822106623967,39,3
0.37366232397427257,39,1
0.23488957849002465,39,2
0.24245625590376987,39,1
0.19962804297166803,39,2
0.36492304776752615,39,1
0.25943047702225797,39,2
0.21788953586104354,39,3
0.10967905509498937,39,2
0.44136261101836993,39,1
0.25542663743263117,39,2
0.2266241289551199,39,3
0.4227744083620103,39,2
0.36818050444023265,39,1
0.1873325738682241,39,1
0.4188351029107019,39,2
0.30522624190599756,39,1
0.1689951461238947,39,2
0.36197487938069084,39,3
0.2650979764749525,39,3
0.14755052732656765,39,1
0.21004050102562588,39,2
0.4228085522931987,39,3
0.15065475027212136,39,1
0.13994756576051415,39,3
0.46714034829004647,39,2
0.22923008860436422,39,1
0.16988082836405788,39,2
0.46724239725512884,39,1
0.45982849397002024,39,3
0.22590893368932974,39,2
0.2230736130170844,39,2
0.18393492130695163,39,1
0.40675135886698055,39,3
0.4058482204557461,39,3
0.23557655952274228,39,3
0.38056028403305064,39,3
0.35132386227603185,39,2
0.43336131286941604,39,3
0.47831293519496176,39,2
0.20170363719676088,39,2
0.34207496947865673,39,1
0.3940974226404227,39,2
0.1684950420706534,39,1
0.4530537513080266,39,1
0.14048591940240415,39,1
0.3407884884037695,39,1
0.21592761942322192,39,2
0.3589565728618237,39,3
0.40945670462078043,39,1
0.13105378524842856,39,1
0.21136130011654314,39,3
0.4846076392718962,39,2
0.4958257129934994,39,2
0.24921990073169564,39,2
0.20517118624919656,39,1
0.2958204901380468,39,3
0.16464256789984627,39,2
0.33379073063635867,39,1
0.3508948213021027,39,2
0.37770670751724233,39,1
0.31208154558070267,39,2
0.39566035262004307,39,1
0.13572285889457925,39,2
0.3575505543842402,39,1
0.29821159613526915,39,2
0.47229343659610745,39,3
2.2425595493964843,39,1
0.17731987965315232,39,1
0.47978042347511474,39,2
0.4511767416082454,39,3
0.16184784329749233,39,3
0.14438303097418845,39,2
0.41690014468090364,39,3
0.4611357117008954,39,2
0.4531939874866385,39,2
0.23866344319496202,39,3
0.39352680605476953,39,3
0.4137577060457355,39,2
0.42847795337980665,39,2
0.44511457286416367,39,2
0.47084457730008955,39,3
0.10012872040759646,39,3
0.470368608869958,39,2
0.4478050441549857,39,3
0.30266994151498794,39,3
0.21243106963710054,39,3
0.12451357055000574,39,3
0.2294548562874005,39,3
3.254839189372908,39,3
0.1714923024518471,39,1
0.4975337312279603,39,2
0.17610357192344217,39,1
0.46170335767863313,39,3
0.3960088462335073,39,3
0.14019084500950815,39,2
0.22715912053532783,39,3
0.37766418682046854,39,2
0.26928502954206734,39,2
0.2307863925283321,39,3
0.4458692765856579,39,1
0.3910166529803628,39,1
0.3749085388034482,39,1
0.3460142406559503,39,1
0.13096737586344964,39,3
0.4733328288354587,39,3
0.4921939429349632,39,2
0.26444697907923953,39,1
0.48716780489450007,39,3
0.3681851747357826,39,1
0.2878178591374724,39,1
0.28911029664370236,39,2
0.2490670658975661,39,3
4.844604573996863,39,1
0.2658369804593269,39,2
0.23177606681042537,39,3
2.9270418117112227,39,1
0.47850716541269167,39,2
0.3788603566925747,39,2
0.34046800659058263,39,2
0.3791758658484341,39,3
0.29894454104273677,39,1
0.3729785579546796,39,2
0.17350930540862644,39,1
0.23656661173715415,39,3
0.24358089268893704,39,2
0.267425323141284,39,3
0.15249579352694165,39,1
0.2721810140827038,39,1
0.11824212442405574,39,1
0.4857943280820368,39,1
0.12236333755776903,39,2
0.4830728237011578,39,2
0.3403548112287147,39,3
0.3590533459018721,39,3
0.314916245847146,39,2
0.19899442029774284,39,1
0.39003994245535867,39,2
0.21543614443185347,39,2
0.43855073738069117,39,2
0.3216238174822136,39,1
0.4229901545381992,39,2
0.24639038368691552,39,2
0.25541954978412507,39,2
0.3829563012208347,39,3
0.24830931413673896,39,2
0.35006545938122524,39,2
0.19099566175238328,39,2
0.257401823817323,39,1
0.21514189496100788,39,3
0.20699387072344405,39,3
0.22434853571372557,39,1
0.39396053224300265,39,2
0.10196112826260434,39,3
0.30164809510608903,39,3
0.47785920594978915,39,2
0.15499526708623992,39,1
0.1266622969430336,39,1
0.2116224910330126,39,3
0.24644453852101772,39,1
0.19894733079188712,39,1
0.20009526038862108,39,3
0.20709371538232615,39,1
0.1977613992186627,39,2
0.318550881757385,39,1
0.23335050822914552,39,1
0.44350508155517687,39,2
0.2208160370671844,39,3
0.28907294184878835,39,3
0.4560845827723077,39,1
0.12611310326145664,39,2
0.3203746262175674,39,2
0.3626313593723708,39,1
0.24714449170951303,39,3
0.4773502347872828,39,3
0.10617696708657914,39,3
0.17131687634822163,39,2
0.18720224859155823,39,1
0.4094373635480061,39,1
0.4800078350418705,39,1
0.31833964097661904,39,3
0.35274046552181704,39,2
0.14064755548554342,39,1
0.18190918328511596,39,3
0.3345274937922138,39,2
0.44097712734533356,39,3
0.13582338604102895,39,2
2.8313789981558597,39,3
0.14294537363840978,39,1
0.38534651166636125,39,2
0.31135542134506844,39,2
0.4246853314257032,39,2
0.20734846549053612,39,3
0.315418492415409,39,2
0.4372438754548046,39,2
3.4592351177476646,39,3
0.4301841839668098,39,2
0.11939523041000855,39,2
0.38047604379166633,39,3
0.3031688686953218,39,3
0.25812899497427666,39,2
0.2567654936332731,39,2
0.4258846175368687,39,3
0.4937563309025579,39,1
0.38951333877143113,39,3
0.1747954929197864,39,2
0.129196224287732,39,2
0.41714051525222673,39,2
0.36398860550814527,39,3
0.49551584129039017,39,1
0.29949813405455705,39,2
0.4405873223858028,39,3
0.12422278161321826,39,2
0.1778896369655988,39,2
0.28733989579244434,39,1
0.24426742012490404,39,3
0.44066049203113467,39,3
0.4527431130035068,39,3
0.3075479241036738,39,2
0.47296919638099866,39,3
0.49417795234330464,39,3
0.46789123862433246,39,2
0.2000276013509173,39,1
0.1390991719429449,39,1
0.20160167835371615,39,3
0.4541467020127604,39,2
0.2831277041232122,39,1
0.2117853441150619,39,3
0.1837118080568658,39,3
0.17089594019058424,39,3
0.4282390722820557,39,1
0.3344753180715512,39,3
4.01704631250262,39,2
0.48024510719978664,39,1
0.16122877620002085,39,3
0.33232599167824795,39,1
0.3715253370085523,39,3
0.4588375915444287,39,1
0.27005800510040423,39,1
0.45708625236604494,39,1
4.29888812520326,39,2
4.094167869316376,39,2
0.13755437513381905,39,2
0.3376926519178358,39,1
0.2536997820893563,39,1
0.3773371562731903,39,2
0.39286242366217416,39,2
0.43898022114698176,39,1
0.45250615849029463,39,2
0.2597173729052722,39,2
0.49735635501443465,39,1
0.35704954878729755,39,1
0.21061149523731326,39,3
0.1577994102911895,39,1
0.3170739740047311,39,2
0.13644746334002733,39,3
0.14630415686595494,39,1
0.20318791436037845,39,1
0.48976409599668635,39,2
0.1976484851631342,39,2
0.3208838547108114,39,3
0.4612355044096492,39,3
0.2815652017136848,39,1
0.49395259177666684,39,3
0.2564539331762361,39,2
0.32500147432113025,39,1
0.19512236709473388,39,3
0.19816149169006436,39,1
0.10387823929624203,39,1
0.35682745525648185,39,3
0.40017669655400556,39,2
0.4917084232613943,39,3
0.41843379053921725,39,3
0.23751950185836798,39,3
0.2532813394722264,39,2
0.4008867426476479,39,1
0.12501721417538852,39,1
0.25473313621454907,39,1
0.10091106598147204,39,2
0.20380309960003015,39,2
0.3186098981730122,39,2
0.379115160188081,39,2
0.315911195479169,39,1
0.11640022175123987,39,3
0.1848215643904533,39,2
2.7949261891015267,39,3
0.20527276817781082,39,3
0.29599670075307266,39,1
0.31508677009532104,39,2
0.27816250058369374,39,2
0.38130414001179025,39,3
0.45006781534793605,39,1
0.44935769695699224,39,2
0.37191964264559385,39,3
0.2992055065689829,39,2
0.3675424875488218,39,3
0.4612870412031267,39,2
0.2440391770700615,39,1
0.1034304111857916,39,3
0.22072855144024792,39,2
0.42633203323099966,39,1
0.35356427845610616,39,3
0.15852458246905565,39,2
0.214766517752825,39,2
0.19974248440143133,39,1
0.47773274387996545,39,3
0.4950737942952115,39,3
0.12211469413643883,39,3
0.15262792313079798,39,2
0.22890338650671987,39,3
3.0998587630798378,39,3
0.4657890823382581,39,1
0.30808781630481286,39,3
0.28272334639653085,39,1
0.22259543678089577,39,2
3.2215433538711524,39,3
0.241688359453084,39,3
0.40205021987422795,39,1
0.127323256946208,39,3
2.4535819188409276,39,3
0.12138624831060843,39,2
0.269486985843455,39,2
0.2555783803991202,39,1
0.1702371656370284,39,2
0.1825792664264636,39,1
0.34360064074304053,39,3
0.38379073108719963,39,2
0.21179988266040184,39,3
0.34905110245588267,39,3
0.16571248558574317,39,1
0.4114978850276504,39,2
0.20934640952855055,39,3
0.4321265338296618,39,3
0.21253892947177935,39,3
0.4120856588682601,39,1
0.4065446468384807,39,3
0.34177936962150707,39,1
0.4721698248919134,39,1
0.3472001559090262,39,1
4.510336500904313,39,2
0.26966723380061297,39,1
0.3872301757975801,39,3
0.17399837794854403,39,1
0.46853513474052744,39,2
0.18307581265008466,39,2
0.3295815984854097,39,3
0.2862833829420386,39,3
0.3984325680712938,39,2
0.12607533076183472,39,1
0.1115962108048282,39,2
0.4408490861035257,39,1
0.49100983520911246,39,2
2.0159457931578837,39,1
0.49952898325720385,39,3
0.22854817651359394,39,1
0.2174683196993454,39,2
0.18915240963592522,39,2
0.11749401454256964,39,1
0.43699165459874156,39,1
0.42623186555349757,39,3
0.31860828078425707,39,1
0.12879135206099412,39,3
0.22591292081544811,39,3
0.2319541813193684,39,3
0.3582852896102582,39,3
0.18337740188123475,39,2
0.23042123669471823,39,3
0.24095051328955056,39,1
0.3209189303594314,39,1
0.4770070241911679,39,2
0.49237327542437925,39,2
0.10983518126866382,39,3
0.31963437318845234,39,3
0.11341674737975592,39,3
0.1178783015394672,39,2
0.45490453319970325,39,2
0.22584424035058803,39,2
0.4559006706636636,39,2
0.2315800537817544,39,2
0.4146072583636372,39,1
0.2788749947948391,39,1
0.4816629580610373,39,2
0.3082391237742116,39,2
0.16922708584017845,39,2
0.16318935764128165,39,1
0.24326673318409298,39,3
0.3444621157712838,39,2
0.26957895666939236,39,2
0.48532626214771857,39,1
0.17279752571583995,39,3
2.803327728422978,39,2
0.25848543405055324,39,1
0.2261453647778942,39,2
0.48549140755661,39,1
0.36151774779958157,39,2
0.15668686387197273,39,3
0.3843671976136166,39,3
0.190155370349461,39,1
0.2834849753712765,39,3
0.2111205662081147,39,3
0.4370879186918559,39,1
0.13506075839741946,39,3
0.42451706441128034,39,1
0.4590514278958211,39,3
0.2993827865679393,39,2
0.14639377622853586,39,1
0.3194360968048624,39,2
0.23432855431601998,39,3
0.16399764921488394,39,2
0.29103866526397637,39,2
0.32539457117806736,39,1
0.2101550519685318,39,1
0.1874500849126847,39,1
3.2410663251618717,39,1
0.40001254920865026,39,3
0.2691748159908619,39,2
0.1130103780720459,39,2
0.30188491984707577,39,3
0.3236281619179896,39,2
0.38265562588294244,39,3
0.3602188925809806,39,2
0.41296889964869277,39,1
0.23065013390255995,39,2
0.3728361327861788,39,2
0.18978795383632052,39,3
0.4419120246873808,39,2
0.17467830775222337,39,1
0.3624374460514139,39,3
3.0745534222036413,39,2
0.4228486927764836,39,1
0.44859779737262184,39,1
0.2731179562592232,39,3
0.29511450552535023,39,3
0.31219246910814635,39,1
0.31885500885907314,39,3
0.2297824743754176,39,1
0.24653138688085546,39,3
0.12975571141077566,39,2
0.2259444935684195,39,1
0.1510291243832442,39,2
0.465947165419341,39,2
0.27272589405872416,39,2
0.12599223187726036,39,3
0.20766162074973785,39,3
0.499806762643323,39,1
0.43056035440251084,39,2
0.12248274282457726,39,2
0.25861474485370894,39,2
0.39612244683919295,39,1
0.15241588783453497,39,3
0.37844671386169926,39,3
0.3512950852854262,39,2
0.19140678027970873,39,2
0.4045058599742555,39,1
0.2245804721267598,39,2
0.10768581245150882,39,2
0.3114325228972905,39,2
0.28446634753243294,39,3
0.21569542899229854,39,1
0.25019524494767775,39,3
0.19613891288925447,39,3
0.387440876450333,39,2
0.4053571298765194,39,2
0.23469182019855392,39,2
0.4345085806490846,39,1
4.822552199415998,39,2
0.48279014530720465,39,3
0.3018010200570409,39,3
0.186365892835892,39,3
0.30856649431558486,39,2
0.18842050767023683,39,3
0.21854776439260615,39,3
4.862695117508468,39,1
0.2995662016354802,39,3
0.2410258423557152,39,1
0.27513051141177514,39,1
0.26290573740241985,39,1
0.24801578373544372,39,3
0.12325465644017966,39,2
0.25370098145257347,39,3
4.213905664225425,39,1
0.25732491342240826,39,2
0.3414141422708381,39,2
0.4715288615009742,39,2
0.49436896361798466,39,2
4.182093271654423,39,1
0.43498812489362415,39,2
0.2206351185031922,39,1
0.4650460750940083,39,3
0.20273701659754453,39,3
0.40174380425069567,39,1
0.35211554273368584,39,1
0.2619438528372492,39,2
0.24473353840178202,39,3
0.1293509706308909,39,3
0.3167911311264747,39,1
0.1834882849693399,39,3
0.1398022784168255,39,3
0.10656462532035427,39,1
0.1346896200553955,39,2
0.20441580196501197,39,2
0.1810643754062433,39,1
0.16825559675001878,39,3
0.1519542863155383,39,3
0.31830934201243327,39,2
0.3893768938128801,39,2
0.26263102868952953,39,2
0.2812603365916444,39,3
0.15406690915153742,39,3
0.39456566198952947,39,3
0.14919920848720947,39,1
0.303479746863342,39,3
0.4534434028593419,39,2
0.3309748954169225,39,2
0.46267121876312,39,3
0.3854307050055039,39,3
0.4744504595415818,39,3
0.3525055486658887,39,3
0.11119142977812296,39,3
0.3078725381998376,39,3
0.1337162182763892,39,1
0.13566427036313267,39,1
0.41539131198895773,39,2
0.14783644063300627,39,1
0.2643756809368899,39,3
0.42171074930334507,39,1
0.15272704124170955,39,1
0.3642479784140157,39,3
0.23673407511358416,39,1
0.4304178445172132,39,2
0.14226138709084046,39,3
0.21277677940866277,39,2
0.46538919031225223,39,3
0.18629980977150873,39,2
0.3297133733667209,39,1
0.17954029932328358,39,2
0.4183511404746413,39,1
0.38491983955279185,39,2
0.4590220191177975,39,1
0.2263437435022099,39,2
0.25707526291882604,39,2
0.13915092597864112,39,1
0.32198380700737067,39,3
0.44792350474204257,39,3
0.4632535342951264,39,1
0.10661324023616664,39,3
0.33320456333188253,39,3
0.28364746233121646,39,3
0.1710888312889774,39,3
0.22126525115468587,39,1
0.3238524289526169,39,3
0.16812725277224544,39,3
0.32427635530072607,39,1
0.11752362656682697,39,2
0.4266906938362943,39,3
0.2777652675210112,39,3
0.15894318050089018,39,2
0.41971223948801284,39,2
0.19779231229428632,39,3
2.8071473054632956,39,1
0.39806333748058964,39,1
0.14698030599415418,39,2
0.48964059881780286,39,3
0.37063358777594224,39,3
0.26032652062685624,39,3
0.42884583302781365,39,2
0.13777196500600442,39,1
0.4733721950720705,39,1
0.12803734109812598,39,3
0.4980851486600294,39,2
0.2884433582886171,39,1
0.29768820261401485,39,1
0.3132256452188722,39,3
0.1647879584328752,39,3
2.7880365921795986,39,3
0.4986077255290219,39,3
0.2777597964879872,39,1
0.22053217755147828,39,1
0.46369909046697866,39,2
0.4463002853100678,39,2
4.45412428131786,39,3
0.13607424873493545,39,2
0.42678264282508793,39,2
0.3556910047715819,39,1
0.37948519024767413,39,3
0.45262041120276464,39,3
0.3773494646676292,39,1
0.2729612140371491,39,2
0.2801481158591293,39,2
0.487558801547455,39,3
0.20251761286083192,39,2
0.34433885388079166,39,1
0.38907830573209845,39,2
0.364353756644604,39,1
0.47628613631705086,39,1
0.3243144933340566,39,1
0.2614433997117732,39,3
0.4999142538510445,39,3
0.1703268325313731,39,3
0.23868922729553588,39,2
0.42993754238055326,39,2
0.17732818749462426,39,2
0.17826746702724058,39,3
0.4734808430500387,39,1
0.14036691023954173,39,2
0.26231022123053915,39,1
0.21556895575443666,39,2
0.39383317532179984,39,2
0.45541082310116976,39,3
0.4392478559204829,39,2
0.23345847532723862,39,1
0.48742204711008097,39,3
3.1399546527444087,39,1
0.2436064067670193,39,1
0.1330790150132319,39,3
0.380900028037632,39,1
0.11072494949124714,39,2
0.26113707178045076,39,2
0.462592410545568,39,3
0.31798220994476445,39,2
0.15543938805309618,39,3
0.45321682488274695,39,1
0.24771681080767297,39,1
0.2631745016394003,39,2
0.278480147687418,39,1
0.4769893912565374,39,3
0.1369250428081198,39,1
0.2889955775289384,39,3
0.2778010766576363,39,1
0.4927370604174375,39,2
0.428039054217631,39,2
0.38744764703772405,39,2
0.3179893917291845,39,2
0.43295058989322865,39,2
0.4014984559461098,39,3
0.2226929409143069,39,3
0.36681004252646243,39,3
0.19546269563238505,39,3
0.11480284885348158,39,1
0.40920883273034614,39,3
0.3956742517700803,39,2
0.3001610991394821,39,2
0.4733395498737013,39,3
0.4572610704455905,39,2
0.4794400666742701,39,3
0.18278749265677421,39,3
0.22080592918220013,39,3
0.40581080010873594,39,3
0.479848645893568,39,3
0.21278281964707252,39,2
0.4403951011233176,39,2
0.10781117218489458,39,3
0.1926075351019995,39,2
0.2377505432438455,39,3
0.15256185742829467,39,2
0.2042918874224455,39,3
0.32144934431316774,39,2
0.2162687810365349,39,3
0.4563692958052582,39,1
0.14801937639106955,39,3
0.20375728560522788,39,2
0.32755961329883443,39,3
0.1063143272149115,39,1
0.4624808709584388,39,3
0.208311805367541,39,1
0.3663763213903104,39,1
0.36949628482593955,39,1
0.4584205086061983,39,2
0.12080939224106056,39,3
0.12664145916333927,39,1
0.4071547794815953,39,3
0.3530704499947347,39,1
0.3268221544563209,39,3
0.13564238106418267,39,3
0.35082405352146906,39,3
0.2378056608228858,39,3
0.4512504166793333,39,2
0.22859993448454838,39,3
0.2568330910896214,39,1
0.20490237373765804,39,2
0.1474182202045129,39,2
0.10858473397475264,39,2
0.3102808230016655,39,1
0.23244945821654409,39,2
0.3117357287333238,39,2
0.25240808840936185,39,3
0.2470492452152267,39,3
0.12125634878114716,39,3
0.43913936070357285,39,1
0.1902489441224777,39,3
0.4078542237764997,39,1
0.3001782986868059,39,1
0.14543319126128496,39,3
0.378413372144621,39,3
0.3347352426879564,39,2
0.25936187626634877,39,2
0.2690229726301848,39,3
0.3605545933998475,39,2
0.42834104358506286,39,2
0.21596872139681036,39,2
0.4790524781044352,39,3
0.4377760486392537,39,3
0.4065908956267936,39,3
0.2369786681435122,39,3
0.4857262189339242,39,1
0.2592169600783279,39,1
0.17995148454251042,39,2
0.20456274613815945,39,3
0.17988246864071172,39,3
0.25964909763910426,39,3
0.24183817982400435,39,1
0.4899579070540546,39,3
0.17905781446620983,39,2
0.37186960526037094,39,2
0.3398360275698927,39,2
0.48094943803668344,39,3
0.21707305715035097,39,2
2.322011495149359,39,2
0.20571789508425542,39,2
0.33226099485480304,39,3
0.15900792817016712,39,1
0.2939783674283035,39,2
0.18104527523901692,39,3
0.11353902716582027,39,2
0.19037154983792678,39,1
0.23530255299461147,39,1
0.2378169257936604,39,3
0.20631781070209568,39,2
0.2730765725801034,39,1
0.4507754095825188,39,2
0.42104410766219125,39,2
0.3448403196766332,39,2
0.3533285236277409,39,3
0.4898808899887306,39,2
0.3908791854938496,39,1
0.17768476323815086,39,2
0.4801029959729767,39,3
0.42285713650520407,39,1
0.17530826780013464,39,3
0.20359621297406838,39,2
0.13737133683208538,39,1
0.41165032416348746,39,2
0.4486602273452719,39,1
0.4526380883079407,39,2
0.18125434492111425,39,1
0.32346334468314214,39,3
0.19424347784605933,39,2
0.2276107626497088,39,2
0.2644635127420706,39,2
0.3734054793483613,39,1
0.4747553221698646,39,3
0.295243381762151,39,3
0.4159459344981651,39,1
0.22481123146182058,39,1
0.17259645476384644,39,1
0.4499139947310752,39,1
0.1859242736070177,39,3
0.29766247651404243,39,3
3.193999171397487,39,2
0.2598132585102402,39,3
4.043812014993797,39,3
0.18320151148381694,39,2
0.3564086205089093,39,1
0.4503882816128315,39,1
0.13151380833006648,39,3
0.25652506294837396,39,2
0.27665482656880613,39,3
0.394353513495345,39,2
0.30661193958234967,39,2
0.22171114444707302,39,2
0.292416908520733,39,3
0.48329551978838314,39,3
0.3112599743961787,39,2
0.39090913552191864,39,2
0.1377673863910642,39,1
0.28584181986857515,39,2
0.29787485165361993,39,2
0.16384103973146175,39,2
0.4490435857806988,39,2
0.14170864833435404,39,1
4.709508955016593,39,1
0.1468483130373015,39,3
0.13303033646991708,39,2
0.349481323005955,39,2
0.4340111003605597,39,3
0.4960577454115469,39,2
0.13617170413091095,39,3
0.48358402710890047,39,2
0.17745909079238384,39,2
0.3305754013862017,39,1
0.385544573943833,39,3
0.34470460856707585,39,1
0.29318975860092894,39,1
0.27606603196636953,39,1
0.3003903409086853,39,3
0.1653209773910993,39,2
0.12459172086933688,39,2
0.32775291875185086,39,1
0.3506941530981026,39,1
0.45791507477194937,39,3
3.8409082491618305,39,2
0.18487616510684945,39,3
0.13274685899114602,39,3
0.3648119770364282,39,3
0.18573476544722017,39,1
0.4781162543855133,39,3
0.4985294500364892,39,2
2.801557634228278,39,3
0.3614868713966499,39,3
0.4317622213515596,39,1
0.18032390446116678,39,2
0.33111721515619774,39,1
0.383237769798798,39,3
0.41224907334930794,39,1
0.23702540529262475,39,2
0.2109103219180422,39,3
0.2081129221071624,39,3
0.46323053986186435,39,2
4.36249786869273,39,1
0.3421514827566189,39,1
0.13743350539617807,39,2
0.22710892242783604,39,2
0.34180336338528006,39,2
0.31509237532208867,39,1
0.1152520351406745,39,2
0.42101745595476603,39,1
0.2587751581479458,39,2
0.46818906551901507,39,3
0.3274655559301004,39,3
4.270582076931906,39,2
0.3439121280705271,39,1
0.3272663245452371,39,2
0.14640637368671627,39,2
0.30501051583453964,39,3
0.4259907830611692,39,1
0.11937626489329066,39,3
0.39821671832423144,39,1
0.15727006651631822,39,1
0.1419142248094851,39,1
0.46478267986159494,39,3
2.2542205062040477,39,1
0.48986853003374153,39,3
0.18342120795844563,39,1
0.37211259846349654,39,2
0.3018280403916269,39,1
0.2897858908153833,39,3
0.29633343412543167,39,1
0.41149688054250533,39,1
0.20453783215116889,39,1
0.2884863551862132,39,2
0.23509065279976804,39,1
0.17627018637070974,39,1
0.2517123459774331,39,2
0.23057642955935795,39,1
0.3891637728278463,39,1
0.45497261553252166,39,3
0.22158090797762192,39,3
0.17141133847804813,39,2
0.2500332798167497,39,3
0.1768605858617115,39,2
0.23620300552536266,39,1
0.24495547637644866,39,2
0.3428461922282805,39,1
0.23352512225871613,39,1
0.2236496711992725,39,2
0.24745677308221872,39,2
0.18556231939844717,39,3
0.4896395717900084,39,1
0.3452316226062156,39,1
0.34705498341963803,39,3
0.16721296207749153,39,1
2.920969218444729,39,1
0.20659770809038489,39,2
0.43509782979948297,39,2
0.4537571914699231,39,1
0.18624002138405402,39,1
0.20158144907863937,39,2
0.4438609751616722,39,3
0.33211825937225214,39,1
0.1012820751687411,39,2
0.48313985226288136,39,3
0.44470780051987024,39,2
0.36778273243919046,39,3
0.21457506388753986,39,2
0.15503789722367678,39,1
0.4923087606994577,39,3
0.44979102761545153,39,1
0.2318036857217981,39,2
0.19678820621562676,39,2
0.30509399976912743,39,3
0.11244215276459478,39,3
0.1435399502109576,39,3
0.4398560700217239,39,2
0.490710215832466,39,2
0.1870838483946361,39,1
0.1504229681657186,39,1
0.35539942746658315,39,1
0.2670454619522978,39,1
0.33711851634386575,39,3
0.3907472529950905,39,1
0.47549437292423136,39,3
0.48858297642856907,39,2
0.30257326099391046,39,1
0.21375873728092876,39,3
0.4239351108202367,39,2
0.26712102268758875,39,2
0.37972373267442017,39,3
0.41094591304048134,39,3
0.30010993848398904,39,2
0.43262058693924677,39,3
0.35082699715255805,39,2
0.2172943446028477,39,1
0.2011820593080334,39,1
0.18674331052636248,39,2
0.11212340427254844,39,1
0.21838522892230605,39,1
0.19919365356449906,39,1
0.3694338076431535,39,2
0.19490302450145114,39,2
0.4161859889380449,39,2
3.365777950428076,39,3
0.357554785134225,39,1
0.3214219813158312,39,1
0.20937272180178465,39,2
0.4553853982839514,39,1
0.4343590533574532,39,1
0.3626060000279281,39,1
0.11422527645310501,39,1
0.22454034356087568,39,2
0.49000465809335203,39,2
0.413663807433592,39,2
0.2645232639864711,39,1
0.28268080668098305,39,1
0.1697523983854533,39,2
0.49514761109638594,39,2
0.34795746301335784,39,3
0.2697018828543832,39,1
0.1327144809355163,39,1
0.4317238830993201,39,2
0.395363850554984,39,2
0.281621305680271,39,1
0.3721673880578201,39,3
0.3528566915842559,39,1
0.4833398575998106,39,2
0.4253846452872324,39,2
4.314097173626907,39,3
0.36347497270792306,39,1
0.3006842584553292,39,1
0.3337813692341167,39,3
0.46238024736828987,39,2
0.3187379430920455,39,1
0.24667223897531146,39,3
0.4228783397591148,39,2
0.2535180322280466,39,1
0.20174784673156743,39,1
0.23906052483433904,39,2
0.39530854422516737,39,1
0.3335150795974605,39,3
0.10395133790630667,39,3
0.12340528481996933,39,1
0.3098526573548615,39,3
0.1790049787543794,39,1
0.24662740677876163,39,1
0.4123544490501222,39,1
0.24493125316040834,39,3
0.21864473064033418,39,2
0.31687719499993255,39,1
0.18935369761691875,39,2
0.4033129044767372,39,3
0.44268125491699284,39,3
0.23036412944777093,39,3
0.4466334952500587,39,3
0.185563498658452,39,1
0.1695912576482121,39,3
0.42029743963512056,39,1
0.1511634328445081,39,2
0.21335056023828672,39,2
0.29411246845174177,39,1
0.3248344917248779,39,3
0.1214970501761882,39,3
0.4755038895261593,39,1
0.3721116589551995,39,3
0.1103324515755074,39,1
0.1012370266194937,39,1
0.32173006188789866,39,1
0.35600933502063425,39,3
0.29166350342625447,39,1
0.41496642792967664,39,1
0.36529932259919584,39,3
2.227428426979892,39,3
0.16158397126071697,39,3
0.22664210901233842,39,2
0.35493045771875953,39,3
0.13120258763359402,39,2
0.3498210948061818,39,2
0.29802555743761405,39,1
0.2364141064585867,39,2
0.4260957718461378,39,3
0.3048632039611124,39,1
0.22625371108342948,39,2
0.49708240152004324,39,2
0.19996709982384983,39,1
2.706562373006336,39,3
2.691391108154699,39,3
0.1326847750983208,39,2
0.2908800039154097,39,3
0.2799909501155603,39,1
2.63441881096102,39,2
4.7997828937374365,39,3
0.22107478753868617,39,1
0.3062479783880804,39,1
0.40351277555720777,39,1
0.485590297405882,39,3
0.3628640181108579,39,3
0.35417097436355804,39,2
0.3974327360317317,39,2
3.7385067396726677,39,3
0.24133616032889038,39,3
0.3259275825066282,39,1
0.2899653376436909,39,1
0.27764099771186523,39,3
0.435487863493514,39,1
2.9869458732302814,39,3
0.23101469498763305,39,3
0.16043118766665537,39,1
0.3752094370423479,39,1
0.3626351423917257,39,3
0.3055787024688571,39,2
0.2502415459233083,39,3
0.257379562228364,39,3
0.15616719511960553,39,3
0.2759302522676428,39,1
0.4887317419079792,39,3
0.11936871861512653,39,2
0.3291194666414506,39,2
0.4917391473069962,39,3
0.12963577029712248,39,3
0.24040806648415433,39,2
4.713592351837277,39,3
0.13672117826122276,39,2
3.9863053371724186,39,3
0.2064069017636143,39,2
0.3642245782261938,39,2
0.12854302106528348,39,2
0.3957733651106047,39,2
0.42701721885494115,39,1
0.4461368916863393,39,3
0.47315026509698854,39,1
0.21588968338051165,39,3
0.46167400693358274,39,3
3.836282563382921,39,1
0.25165517415169525,39,1
0.24758759695019872,39,1
0.3199073657730409,39,2
4.681295969835659,39,2
0.1407866871603182,39,2
0.356272916859836,39,2
0.44962100251570514,39,2
0.12032381174237755,39,2
0.10849514648209309,39,2
0.2178031457474699,39,1
4.922314068739921,39,1
0.3764709887392875,39,2
4.962101161999845,39,2
0.40362337773739554,39,3
0.13118955040964933,39,2
0.22859337086096485,39,3
0.4227335126280789,39,1
0.34367067163136455,39,2
0.3083547579362197,39,2
0.13506643588545894,39,2
0.10554383015225964,39,2
0.33601893379155123,39,3
0.4027808096244586,39,2
0.45150003164195207,39,1
4.004166857264221,39,1
0.13282364740393385,39,1
0.2340588325542847,39,1
0.1473586380967704,39,3
0.3373777152944183,39,1
0.3403376083851866,39,2
0.3308143033015999,39,3
0.1949674543261545,39,3
0.4610015177707908,39,3
0.13029922782597533,39,2
0.24841137852860942,39,1
0.296534207108482,39,1
0.33056902288821455,39,3
0.38147630860420756,39,1
0.4717699696208909,39,1
0.43488635097582495,39,3
0.1542112347948142,39,1
0.2861060719904741,39,2
0.23263910973286794,39,1
0.21833532954887325,39,1
0.3267650854276307,39,3
0.20252130701752807,39,1
0.4369906123410431,39,2
0.19048411187166334,39,3
0.4867462393545181,39,3
0.3358000831548732,39,3
0.25180751598907036,39,1
0.38494594269337656,39,1
0.45663941501903327,39,2
0.37947344888298584,39,2
0.3961481612231552,39,1
0.2407669277837775,39,1
0.38120472897101787,39,2
0.47769326659231026,39,3
0.15448354267295705,39,3
0.24010313470986008,39,3
0.3367360269804574,39,2
0.4520005275476796,39,3
0.3443202485521698,39,3
0.13133436085063888,39,1
0.2518825323476342,39,3
0.10007727090355574,39,1
0.37948969256724874,39,1
4.660802788734662,39,2
0.23018057938944173,39,2
0.31613992301653415,39,2
0.49187176471321736,39,1
0.1980087320994656,39,1
0.15789242639100678,39,2
0.2968514754643853,39,1
0.21525403791344694,39,1
0.30978624450813574,39,2
0.45220170995882547,39,2
0.45733612015939107,39,2
0.22182237322362564,39,2
0.38102149202119273,39,3
0.41105867710403465,39,3
0.35426990638553957,39,3
0.24330822079923992,39,2
0.2795658082165535,39,2
0.35136716543258784,39,2
3.177065854942065,39,3
0.14791752148329268,39,1
0.490293201610986,39,2
2.5142054862059444,39,3
0.19402011864787974,39,3
0.29782401609141473,39,2
0.3135379210916661,39,3
0.20976519867257093,39,2
0.3329637142726981,39,1
0.41260754952274936,39,1
0.2063422102540575,39,3
0.1881516691234738,39,3
0.3076182236193352,39,3
0.3061970770218786,39,1
0.2131949688229757,39,1
0.1418719908177824,39,2
0.2479322995304759,39,1
0.4422608741965547,39,2
0.22963011576952416,39,2
0.15620925721785983,39,3
0.25477982029340585,39,2
0.2180433023737717,39,2
0.1816751024334622,39,3
0.4712832207256188,39,3
0.4987100803478409,39,2
0.2887421885590785,39,3
0.3204169148530369,39,3
0.38317096763546454,39,1
0.21799404521128155,39,2
0.12236711665103278,39,1
0.39117780153427173,39,2
0.4417425220007992,39,1
0.30320444091190735,39,2
0.47055852358802663,39,2
0.3799526861745378,39,1
0.10966357056387982,39,2
4.055579206487236,39,3
0.37295412873117006,39,1
0.1033626309524781,39,3
0.10902441867822171,39,2
0.31743124087363417,39,3
0.10582944496359686,39,2
0.3900343976556171,39,2
4.382120850161151,39,2
0.49023201864451205,39,3
0.14961403310302265,39,3
0.13656910901626862,39,1
0.469392736503356,39,3
0.20195103891171273,39,3
0.24647799633720027,39,3
0.3321509337119757,39,3
0.4022432571060187,39,3
0.2784908577783365,39,3
0.13897099499157736,39,3
0.40076203801380417,39,3
0.18453828125862726,39,3
0.36806651083257447,39,1
0.3952848022554396,39,1
0.10555937335147543,39,1
0.1383614216499467,39,3
0.29123064234914164,39,2
0.21745402402514413,39,1
0.19405758250639576,39,1
0.44192695462273957,39,1
0.3847006271401904,39,1
0.12446097295146658,39,3
0.42071808889840046,39,2
0.4510242479655021,39,1
0.23401874152358682,39,2
0.3642065507138399,39,2
0.18893713361769326,39,3
0.28724406435180405,39,3
4.139864025853635,39,2
0.18010612698062944,39,3
0.10213714511825658,39,1
0.10559403696863652,39,2
0.4724942446938929,39,1
0.33607222496489597,39,3
3.2754729808840413,39,1
0.12481838895180189,39,3
0.44039655001977096,39,1
0.40613268956441273,39,3
0.28072773747419333,39,3
0.36096531351836114,39,3
0.12677979438480602,39,3
0.21726404679538544,39,3
0.4302518391541117,39,1
0.45821918184327537,39,2
0.10810353247398546,39,2
0.15636465548287426,39,3
0.3419045081163319,39,2
0.15583771206843988,39,2
0.12648343672692952,39,3
0.3314615746571762,39,2
0.16945277655909025,39,1
4.4872319778578165,39,1
0.27106750635417926,39,1
0.3261260832322389,39,3
0.47635299132910647,39,3
0.38267727180480593,39,2
0.2576768524524809,39,2
0.4016138024945619,39,3
0.33453270156421533,39,2
0.41452962832899176,39,1
0.15164063535867484,39,2
0.11502926084343584,39,3
0.4515198161182581,39,2
0.41695857750180965,39,2
0.4604538899650914,39,2
0.4743932658469564,39,3
0.4800609833635222,39,3
0.2686707819041243,39,3
0.163322259660765,39,1
0.2730566945426135,39,3
0.45194960162170306,39,3
0.47079667284223936,39,2
0.46723687376814227,39,1
0.2312706250084623,39,3
3.745860384593752,39,1
0.2645031406835463,39,2
0.14837832449485627,39,2
0.4605527164080806,39,3
0.1383644258488893,39,1
0.209632884990944,39,3
3.56148895630318,39,3
0.43488122147691055,39,2
0.20103264870731552,39,2
0.16379214046200657,39,3
0.23096024787427916,39,3
0.17301682080398822,39,3
0.268097567259418,39,2
0.38720991203314603,39,3
0.22136398832134066,39,1
0.4973968838168854,39,2
0.12576142902889453,39,3
0.17344267050310913,39,3
0.30592535563593115,39,2
0.20112798422036737,39,1
0.38600973745492284,39,1
0.23529202912764413,39,3
0.20896300086954828,39,2
0.37101605293183804,39,1
0.4593200000844625,39,3
2.4311139903518173,39,1
0.18826395771840893,39,1
0.1814194691847981,39,1
0.34200525241892454,39,2
0.4166074642640679,39,1
0.2657793987611192,39,3
2.6575474718862533,39,3
0.2720717922303879,39,1
0.10383420506600448,39,3
0.1357068978785351,39,3
0.318729969525117,39,2
3.105072583132672,39,3
0.40181959169846826,39,1
4.049188811150893,39,2
0.23955595897732984,39,3
0.49770680626057007,39,3
0.48375419057213687,39,2
0.4982174211049364,39,3
0.39306957765641926,39,3
0.19574880652466897,39,1
0.1529603360062397,39,1
0.38284072302963423,39,3
0.28425104813976754,39,2
0.22051957617714116,39,1
2.4279810723887927,39,1
0.2896284011942243,39,1
0.3804345621037002,39,1
0.3987482767583187,39,1
0.3801365627635116,39,3
0.4067866167561086,39,2
3.6190764772938278,39,2
0.4124865761602263,39,2
0.10374929076335536,39,2
0.34612361931730107,39,1
0.43404113180548387,39,2
0.2089307003576687,39,2
0.20027155523931028,39,1
0.15633597749433417,39,3
0.497711674813034,39,1
0.23985376494599678,39,1
0.44341817146110807,39,2
0.187401357850184,39,3
0.4053708870318935,39,1
0.26554090607018954,39,2
0.40994367964030387,39,2
0.20453240589487504,39,2
0.15971727123649015,39,3
0.374955438094117,39,2
0.4014816214823399,39,1
0.46076607147510185,39,1
0.21301783383364103,39,3
0.26932375701816613,39,1
0.4711088203428765,39,3
0.12809731786535,39,3
0.29530723831591615,39,1
0.3693907496258606,39,2
0.4625037821608303,39,2
0.1422367058738635,39,3
2.7225067116812767,39,1
0.12676928686003075,39,1
0.2646361002766296,39,2
0.25339465349234325,39,1
0.30356647856373403,39,3
0.15811825378455424,39,1
0.10967083646667995,39,1
0.38777433731821787,39,3
0.46426300812522336,39,1
0.13281592261018146,39,3
0.17876856080186743,39,3
0.4354503849843805,39,1
4.766365489046188,39,3
0.31299103853738763,39,2
0.4427311908974584,39,3
0.4288636864160983,39,1
0.1300397973965394,39,1
0.3164124208218149,39,2
0.19894802757995686,39,2
0.383112317375944,39,1
0.4894797411863788,39,3
0.18130490078533282,39,1
0.3488181541403267,39,3
0.4892870483558621,39,1
0.37274083277703773,39,3
0.3210915927867542,39,3
0.44520911653589457,39,2
0.43302556281420534,39,2
0.17287686742433897,39,2
0.42559401541849395,39,3
0.23264238402820514,39,3
0.48866928542064514,39,2
0.30660233829567607,39,2
0.40300746466411785,39,1
0.4536103401602336,39,1
0.152932396597289,39,3
0.38142752941337776,39,3
0.22646584466570774,39,2
0.1440792745219985,39,3
0.4605947394198252,39,1
0.21545708183352677,39,1
0.35957986235727457,39,2
0.18342415562496656,39,1
0.21386672433190765,39,1
0.32583056547968803,39,1
0.22133407612968906,39,3
0.45012537249876494,39,2
0.333281347370468,39,1
0.16773260248163968,39,3
0.45864508887594313,39,1
0.2647486691341625,39,1
0.4677661909358529,39,2
0.26896163960360636,39,3
0.4847488900662128,39,3
0.46231336587772043,39,3
0.189050846759106,39,2
0.390041322133181,39,3
0.13558217893367752,39,1
0.4310305511841829,39,3
